{
  "train_season": "spring",
  "per_season": {
    "spring": {
      "psnr/full": 18.722031396805505,
      "sam/full": 13.709191380090639,
      "ssim/full": 0.6539189252546915,
      "mae/full": 0.12298700243642424,
      "lpips/full": 0.4435113522833475
    },
    "summer": {
      "psnr/full": 17.38470708012886,
      "sam/full": 12.536277647823324,
      "ssim/full": 0.6190701284829307,
      "mae/full": 0.09792802470219333,
      "lpips/full": 0.44842402181585733
    },
    "fall": {
      "psnr/full": 17.87747314998082,
      "sam/full": 13.213215843755371,
      "ssim/full": 0.587692691013217,
      "mae/full": 0.09480868879116464,
      "lpips/full": 0.5338981625795061
    },
    "winter": {
      "psnr/full": 18.275429147478114,
      "sam/full": 14.549593706684806,
      "ssim/full": 0.6104300680553069,
      "mae/full": 0.11991100978752897,
      "lpips/full": 0.4624151223967352
    },
    "ALL": {
      "psnr/full": 18.38367459440982,
      "sam/full": 13.710715703678774,
      "ssim/full": 0.6332162600000163,
      "mae/full": 0.11645130837137772,
      "lpips/full": 0.45817228182442243
    }
  },
  "counts": {
    "spring": 3983,
    "summer": 782,
    "fall": 784,
    "winter": 1567,
    "ALL": 7116
  }
}