{
  "train_season": "spring",
  "per_season": {
    "spring": {
      "psnr/full": 20.706277965571513,
      "sam/full": 15.617388047436927,
      "ssim/full": 0.6465394621574188,
      "mae/full": 0.07988728778195942,
      "lpips/full": 0.4516668394544662
    },
    "summer": {
      "psnr/full": 19.548957560068505,
      "sam/full": 16.674148104684736,
      "ssim/full": 0.5570278258427329,
      "mae/full": 0.073560115342955,
      "lpips/full": 0.4408443266968898
    },
    "fall": {
      "psnr/full": 19.85437011597108,
      "sam/full": 16.445976877699092,
      "ssim/full": 0.5496965983540428,
      "mae/full": 0.07362321127747774,
      "lpips/full": 0.5163395601153677
    },
    "winter": {
      "psnr/full": 20.069324382338923,
      "sam/full": 16.389879002111613,
      "ssim/full": 0.6195862419242378,
      "mae/full": 0.0846911691843598,
      "lpips/full": 0.4446710119096428
    },
    "ALL": {
      "psnr/full": 20.344975748579444,
      "sam/full": 15.994916621589338,
      "ssim/full": 0.6200978375192335,
      "mae/full": 0.07955968763169892,
      "lpips/full": 0.45606225067692036
    }
  },
  "counts": {
    "spring": 3983,
    "summer": 782,
    "fall": 784,
    "winter": 1567,
    "ALL": 7116
  }
}